user_id,worker_id,service_id,building,room_no,feedback,is_completed,request_time
2022484,108,3,Faculty Residence,879,rushing too much,t,2025-02-14 00:54:15
2021320,102,5,H1 boys hostel,705,rushing too much,t,2025-02-11 09:00:25
MT2024396,65,3,Girls Hostel,592,efficient work,t,2025-02-13 18:38:51
2024177,110,1,H2 boys hostel,256,quick work,t,2025-02-14 03:59:41
2022351,79,2,H2 boys hostel,815,rushing too much,f,2025-02-16 11:55:21
MT2023346,86,2,Girls Hostel,514,rushing too much,t,2025-02-16 11:54:36
2021328,92,2,LHC complex,1004,good work,f,2025-02-10 23:05:07
MT2024233,62,1,LHC complex,838,rushing too much,t,2025-02-15 13:00:46
MT2024070,81,2,Faculty Residence,994,good work,t,2025-02-15 14:21:59
2024396,13,2,R&D block,756,efficient work,t,2025-02-10 02:51:21
MT2024399,95,2,Girls Hostel,821,lowkey chill guy,t,2025-02-15 22:22:15
2024087,105,4,H1 boys hostel,164,quick work,f,2025-02-14 15:38:03
2023454,21,2,LHC complex,119,work not done properly,f,2025-02-10 09:24:59
MT2023052,33,2,Faculty Residence,261,quick work,f,2025-02-14 11:29:43
2023117,124,2,Old Academic,869,lowkey chill guy,f,2025-02-13 05:17:54
2024577,119,2,LHC complex,628,rushing too much,f,2025-02-11 14:03:52
MT2024066,48,2,H1 boys hostel,107,quick work,f,2025-02-12 16:36:23
2023506,30,5,Girls Hostel,768,quick work,t,2025-02-16 20:24:27
MT2023151,62,1,Faculty Residence,861,lowkey chill guy,t,2025-02-11 04:02:56
MT2024241,43,2,LHC complex,39,quick work,f,2025-02-12 19:34:24
MT2023341,24,6,H1 boys hostel,139,good work,f,2025-02-14 14:21:38
MT2023050,35,2,Girls Hostel,663,firee the employee,f,2025-02-16 07:50:01
2024004,125,4,LHC complex,759,firee the employee,t,2025-02-16 08:14:46
2024014,103,2,Old Academic,115,rushing too much,t,2025-02-11 05:43:10
MT2023065,20,2,H1 boys hostel,1,efficient work,f,2025-02-10 20:20:35
MT2023125,68,2,H1 boys hostel,697,good work,t,2025-02-16 05:05:19
MT2024235,71,1,R&D block,271,work not done properly,t,2025-02-16 08:37:23
MT2023201,120,2,H1 boys hostel,661,work not done properly,f,2025-02-10 00:41:53
MT2024126,29,2,R&D block,91,firee the employee,f,2025-02-16 16:32:02
2022134,2,2,H1 boys hostel,695,work not done properly,t,2025-02-14 20:03:03
MT2023004,115,2,R&D block,604,quick work,t,2025-02-11 03:06:21
MT2023252,87,2,Old Academic,909,efficient work,t,2025-02-12 18:51:42
MT2024273,108,3,R&D block,949,firee the employee,f,2025-02-16 13:17:17
MT2023023,105,4,H1 boys hostel,622,rushing too much,t,2025-02-15 04:32:14
2022316,8,2,R&D block,523,rushing too much,f,2025-02-16 21:12:25
MT2023003,39,1,Girls Hostel,497,work not done properly,f,2025-02-16 08:04:36
2021552,5,2,H1 boys hostel,457,lowkey chill guy,f,2025-02-14 10:51:58
MT2024219,89,6,Faculty Residence,321,good work,t,2025-02-15 14:49:11
2024511,86,2,Old Academic,40,lowkey chill guy,f,2025-02-15 01:19:15
2023380,53,3,H2 boys hostel,453,work not done properly,t,2025-02-12 11:36:14
2021375,98,3,H2 boys hostel,370,firee the employee,f,2025-02-11 23:12:40
2021002,6,1,LHC complex,628,quick work,f,2025-02-13 21:14:21
2024016,103,2,H2 boys hostel,594,efficient work,t,2025-02-10 12:45:16
MT2023230,74,6,H1 boys hostel,405,good work,f,2025-02-12 03:19:56
2024344,79,2,LHC complex,843,firee the employee,t,2025-02-12 04:35:13
2022326,84,2,Girls Hostel,918,rushing too much,f,2025-02-13 04:30:19
2021580,122,2,Faculty Residence,4,firee the employee,f,2025-02-10 13:54:53
2023388,92,2,H1 boys hostel,70,good work,t,2025-02-11 23:10:28
2023211,67,2,Old Academic,737,good work,f,2025-02-16 12:55:25
2022070,113,2,Old Academic,80,firee the employee,t,2025-02-11 05:45:08
MT2024213,46,3,H1 boys hostel,948,work not done properly,f,2025-02-16 13:02:46
2024177,45,2,Faculty Residence,250,efficient work,f,2025-02-11 18:38:49
MT2023220,40,2,Faculty Residence,928,quick work,f,2025-02-16 02:29:30
2021157,100,4,R&D block,430,efficient work,f,2025-02-12 15:46:20
2023328,41,2,Old Academic,656,rushing too much,f,2025-02-12 13:36:09
MT2023360,13,2,H2 boys hostel,879,work not done properly,t,2025-02-16 02:54:54
MT2023350,81,2,LHC complex,944,firee the employee,f,2025-02-11 00:32:52
2024282,61,2,Faculty Residence,922,lowkey chill guy,t,2025-02-15 00:22:52
MT2023270,88,2,R&D block,367,quick work,f,2025-02-14 21:07:20
2024108,97,2,H1 boys hostel,142,quick work,f,2025-02-12 20:11:37
MT2024036,4,2,LHC complex,675,efficient work,f,2025-02-10 03:56:48
2021451,60,2,Old Academic,988,firee the employee,t,2025-02-15 13:46:05
2022473,82,1,Girls Hostel,816,firee the employee,f,2025-02-10 21:30:02
MT2024214,46,3,Faculty Residence,788,firee the employee,f,2025-02-10 17:03:57
MT2024182,116,2,R&D block,894,efficient work,t,2025-02-11 01:34:20
2021540,63,2,Faculty Residence,781,firee the employee,t,2025-02-12 01:14:03
2021339,16,2,Old Academic,783,lowkey chill guy,f,2025-02-13 04:28:48
2021128,40,2,H1 boys hostel,835,quick work,f,2025-02-15 23:20:14
2022119,48,2,LHC complex,184,work not done properly,f,2025-02-15 21:00:05
2021536,60,2,Faculty Residence,807,efficient work,f,2025-02-13 17:15:56
2024318,116,2,H2 boys hostel,1002,lowkey chill guy,t,2025-02-11 20:11:34
2022037,26,2,H2 boys hostel,742,quick work,f,2025-02-14 05:29:39
2022162,30,5,Old Academic,264,firee the employee,f,2025-02-09 23:55:55
MT2023238,33,2,Girls Hostel,106,efficient work,f,2025-02-10 00:19:20
MT2023355,76,2,Old Academic,796,work not done properly,f,2025-02-11 16:08:27
2021040,51,2,H2 boys hostel,1015,lowkey chill guy,t,2025-02-13 20:40:32
MT2023009,57,2,H2 boys hostel,101,efficient work,t,2025-02-15 20:27:31
MT2023166,119,2,H1 boys hostel,298,work not done properly,f,2025-02-10 23:07:00
2021040,5,2,H1 boys hostel,981,quick work,t,2025-02-12 09:59:24
2022005,72,5,H2 boys hostel,207,efficient work,t,2025-02-11 17:01:46
MT2024283,84,2,LHC complex,82,quick work,f,2025-02-14 03:03:50
2023190,71,1,H1 boys hostel,204,good work,f,2025-02-11 19:50:47
MT2024193,48,2,H1 boys hostel,228,firee the employee,t,2025-02-13 18:28:52
MT2024035,77,4,H1 boys hostel,669,efficient work,f,2025-02-11 11:08:33
MT2023008,120,2,Old Academic,605,quick work,f,2025-02-12 11:51:33
MT2024338,76,2,Old Academic,132,lowkey chill guy,f,2025-02-11 02:43:47
2022411,56,2,H2 boys hostel,140,work not done properly,t,2025-02-16 04:47:42
2023307,122,2,Old Academic,333,work not done properly,f,2025-02-14 12:50:29
2024599,60,2,H2 boys hostel,736,efficient work,t,2025-02-14 09:02:18
MT2023006,56,2,H2 boys hostel,596,efficient work,t,2025-02-10 19:12:14
MT2023252,17,4,R&D block,3,quick work,f,2025-02-10 23:17:25
2022481,14,4,Girls Hostel,245,quick work,t,2025-02-12 03:15:58
2024215,84,2,H1 boys hostel,519,rushing too much,t,2025-02-13 07:53:43
2022320,42,2,Old Academic,627,lowkey chill guy,t,2025-02-16 05:02:38
MT2024322,37,6,LHC complex,758,lowkey chill guy,f,2025-02-12 02:46:38
2024259,97,2,H1 boys hostel,679,efficient work,t,2025-02-12 00:59:23
MT2024050,90,2,Girls Hostel,392,work not done properly,f,2025-02-16 03:53:53
MT2023018,116,2,Old Academic,403,efficient work,t,2025-02-15 16:54:41
2024446,125,4,Old Academic,865,work not done properly,t,2025-02-12 09:03:32
MT2024245,76,2,Old Academic,344,quick work,f,2025-02-10 16:22:32
MT2023310,83,2,Old Academic,343,efficient work,f,2025-02-12 17:52:36
2023100,66,2,R&D block,156,quick work,t,2025-02-13 14:15:37
2021422,14,4,Faculty Residence,647,good work,f,2025-02-15 10:59:56
MT2024346,129,2,LHC complex,514,quick work,f,2025-02-12 16:58:43
MT2023182,5,2,R&D block,984,firee the employee,f,2025-02-12 02:40:16
2022306,57,2,LHC complex,753,quick work,t,2025-02-15 22:20:34
MT2023238,78,2,H2 boys hostel,301,efficient work,t,2025-02-12 03:55:36
2021021,6,1,H2 boys hostel,101,good work,t,2025-02-13 05:49:28
MT2024368,93,2,Girls Hostel,982,lowkey chill guy,t,2025-02-10 13:46:06
2021175,70,2,R&D block,1015,firee the employee,t,2025-02-13 23:17:21
2022439,83,2,Old Academic,759,lowkey chill guy,f,2025-02-11 04:49:54
MT2024047,109,2,Girls Hostel,84,quick work,f,2025-02-10 23:22:22
MT2023003,87,2,R&D block,994,good work,t,2025-02-11 16:14:43
MT2023373,33,2,Faculty Residence,1000,good work,f,2025-02-11 18:10:48
2024169,54,2,Girls Hostel,152,lowkey chill guy,t,2025-02-14 06:10:30
MT2024332,29,2,R&D block,321,good work,f,2025-02-11 23:48:43
MT2023381,95,2,Girls Hostel,719,rushing too much,t,2025-02-15 23:14:23
MT2023067,106,2,Girls Hostel,977,good work,f,2025-02-10 12:37:07
MT2023060,2,2,Faculty Residence,179,lowkey chill guy,t,2025-02-12 19:25:35
MT2023139,65,3,Faculty Residence,573,efficient work,t,2025-02-11 13:04:15
MT2024005,42,2,R&D block,688,lowkey chill guy,f,2025-02-14 09:30:31
MT2024301,89,6,H1 boys hostel,181,lowkey chill guy,t,2025-02-14 07:55:21
MT2024261,23,2,R&D block,156,work not done properly,f,2025-02-12 03:48:48
2021575,1,2,LHC complex,601,efficient work,t,2025-02-16 18:01:00
2023259,115,2,LHC complex,466,good work,t,2025-02-12 08:36:57
2023065,94,5,Girls Hostel,223,rushing too much,f,2025-02-16 10:40:45
2023180,68,2,Girls Hostel,572,lowkey chill guy,t,2025-02-10 08:41:29
MT2023007,17,4,H2 boys hostel,528,work not done properly,f,2025-02-15 02:54:35
MT2023191,104,2,R&D block,312,rushing too much,f,2025-02-12 14:43:42
2024150,18,6,H2 boys hostel,631,efficient work,f,2025-02-14 21:04:16
2024331,36,1,R&D block,991,efficient work,t,2025-02-16 10:52:21
MT2023350,32,5,R&D block,18,lowkey chill guy,f,2025-02-10 02:54:22
MT2024047,39,1,R&D block,510,firee the employee,f,2025-02-14 01:09:37
MT2023294,18,6,H2 boys hostel,985,quick work,t,2025-02-15 17:32:11
2024524,6,1,LHC complex,442,work not done properly,f,2025-02-14 04:18:46
2021107,113,2,LHC complex,357,rushing too much,t,2025-02-14 19:32:01
MT2024096,106,2,LHC complex,496,lowkey chill guy,f,2025-02-12 12:17:43
2023263,85,2,Faculty Residence,210,work not done properly,t,2025-02-12 06:17:01
MT2023075,59,2,H1 boys hostel,6,lowkey chill guy,f,2025-02-12 20:20:41
MT2023119,27,2,Old Academic,225,rushing too much,f,2025-02-14 15:38:28
MT2024091,125,4,H1 boys hostel,413,quick work,t,2025-02-10 05:51:18
2023610,20,2,H2 boys hostel,936,efficient work,t,2025-02-12 21:10:13
MT2023042,82,1,Girls Hostel,912,work not done properly,t,2025-02-16 18:10:31
MT2024295,104,2,H1 boys hostel,732,quick work,t,2025-02-15 16:10:41
2022370,11,3,LHC complex,653,rushing too much,t,2025-02-10 14:18:34
2023584,88,2,H2 boys hostel,1005,quick work,f,2025-02-15 17:21:10
MT2024232,57,2,LHC complex,1001,quick work,f,2025-02-12 05:15:56
MT2023259,79,2,LHC complex,947,rushing too much,f,2025-02-11 05:30:40
2021565,100,4,LHC complex,968,work not done properly,f,2025-02-13 16:27:53
MT2024273,14,4,Faculty Residence,262,firee the employee,t,2025-02-13 02:22:39
2022487,21,2,R&D block,96,good work,t,2025-02-11 05:58:37
2023243,96,2,R&D block,785,quick work,f,2025-02-12 15:51:56
MT2023352,87,2,H1 boys hostel,65,work not done properly,f,2025-02-13 05:52:30
MT2023385,26,2,Girls Hostel,648,good work,t,2025-02-16 22:03:09
MT2023022,27,2,Old Academic,784,rushing too much,t,2025-02-11 03:35:39
MT2023248,116,2,H1 boys hostel,427,firee the employee,t,2025-02-13 12:02:26
2021605,97,2,H1 boys hostel,199,quick work,t,2025-02-14 11:06:44
2022427,80,1,H1 boys hostel,17,quick work,f,2025-02-10 10:59:20
2024089,10,2,H2 boys hostel,749,efficient work,f,2025-02-10 16:37:20
MT2023076,60,2,Old Academic,423,good work,f,2025-02-10 10:09:14
MT2023268,101,2,R&D block,346,good work,f,2025-02-11 22:03:00
MT2023259,99,2,Girls Hostel,426,efficient work,t,2025-02-13 22:33:55
2021475,43,2,H2 boys hostel,410,rushing too much,f,2025-02-16 06:30:16
MT2023094,56,2,Girls Hostel,609,efficient work,f,2025-02-16 01:53:14
MT2023221,51,2,Girls Hostel,709,quick work,f,2025-02-10 07:24:12
2024035,7,1,Girls Hostel,273,quick work,t,2025-02-15 09:15:33
MT2024341,40,2,R&D block,670,lowkey chill guy,f,2025-02-13 23:41:16
MT2023174,40,2,Girls Hostel,99,quick work,t,2025-02-12 09:43:49
2022442,130,2,Faculty Residence,156,efficient work,t,2025-02-14 12:54:34
2024130,53,3,LHC complex,493,lowkey chill guy,t,2025-02-14 20:27:15
MT2024227,83,2,Girls Hostel,874,efficient work,t,2025-02-12 03:34:43
MT2024064,80,1,Faculty Residence,59,firee the employee,t,2025-02-12 20:00:41
MT2023056,86,2,Girls Hostel,765,quick work,t,2025-02-12 21:29:17
MT2024280,45,2,Girls Hostel,411,good work,f,2025-02-16 20:11:30
MT2024268,67,2,LHC complex,46,lowkey chill guy,f,2025-02-16 19:03:15
2023492,49,2,H2 boys hostel,767,quick work,f,2025-02-10 12:16:48
MT2024192,77,4,R&D block,406,quick work,t,2025-02-15 04:39:52
2021605,108,3,LHC complex,686,work not done properly,f,2025-02-13 09:36:42
2024200,125,4,Faculty Residence,540,efficient work,f,2025-02-13 03:39:24
MT2023075,34,6,H2 boys hostel,758,lowkey chill guy,t,2025-02-16 12:51:21
MT2023283,45,2,H1 boys hostel,182,rushing too much,f,2025-02-10 13:57:56
2023067,127,2,LHC complex,587,lowkey chill guy,t,2025-02-16 02:24:54
MT2023077,77,4,H2 boys hostel,703,firee the employee,f,2025-02-12 08:43:55
MT2023201,103,2,H2 boys hostel,200,rushing too much,t,2025-02-11 06:23:26
2021215,7,1,H2 boys hostel,787,quick work,t,2025-02-16 10:21:09
2021481,103,2,Old Academic,1002,quick work,f,2025-02-11 00:42:03
2021216,31,1,R&D block,63,efficient work,t,2025-02-10 13:53:38
MT2023216,14,4,Faculty Residence,867,good work,f,2025-02-12 20:01:25
MT2023204,104,2,R&D block,721,firee the employee,f,2025-02-13 02:19:55
2021605,22,5,H1 boys hostel,509,good work,f,2025-02-14 03:10:32
2021286,109,2,Faculty Residence,703,work not done properly,f,2025-02-12 12:21:05
2021204,80,1,LHC complex,758,efficient work,t,2025-02-11 07:38:46
2023345,48,2,Girls Hostel,472,lowkey chill guy,t,2025-02-16 21:43:52
MT2024191,110,1,Girls Hostel,596,quick work,t,2025-02-16 16:46:58
MT2024335,56,2,Faculty Residence,824,quick work,f,2025-02-11 08:37:31
2022446,9,2,H1 boys hostel,64,good work,f,2025-02-12 03:16:07
MT2023345,48,2,H2 boys hostel,737,good work,f,2025-02-16 20:45:16
2023314,100,4,H2 boys hostel,24,efficient work,f,2025-02-16 08:59:28
2022033,115,2,H1 boys hostel,212,rushing too much,f,2025-02-12 04:32:58
MT2024026,62,1,H1 boys hostel,464,efficient work,f,2025-02-11 01:08:17
MT2023306,56,2,H2 boys hostel,921,good work,f,2025-02-10 08:01:48
2021476,30,5,H2 boys hostel,836,work not done properly,t,2025-02-10 21:16:54
2021602,112,1,H2 boys hostel,916,work not done properly,t,2025-02-15 08:17:33
MT2023139,62,1,R&D block,896,efficient work,t,2025-02-10 15:11:57
2021374,96,2,H1 boys hostel,845,quick work,f,2025-02-14 07:22:50
MT2024234,125,4,R&D block,278,quick work,f,2025-02-13 00:32:03
2021178,73,2,Girls Hostel,187,rushing too much,t,2025-02-11 10:19:01
MT2023291,21,2,Old Academic,751,lowkey chill guy,f,2025-02-13 23:57:33
2022143,80,1,Faculty Residence,489,firee the employee,f,2025-02-13 02:36:26
MT2023260,67,2,LHC complex,851,work not done properly,t,2025-02-13 15:02:15
MT2024261,103,2,H1 boys hostel,845,lowkey chill guy,t,2025-02-15 14:13:08
2024436,124,2,R&D block,650,lowkey chill guy,t,2025-02-10 08:41:13
2022358,44,1,Old Academic,942,good work,t,2025-02-13 17:25:42
2023113,90,2,Old Academic,577,good work,t,2025-02-13 07:24:45
2021604,35,2,H2 boys hostel,103,work not done properly,t,2025-02-10 04:50:55
MT2024200,5,2,LHC complex,755,rushing too much,t,2025-02-12 06:08:00
MT2023395,127,2,Faculty Residence,223,firee the employee,f,2025-02-16 05:48:17
MT2024197,54,2,LHC complex,390,lowkey chill guy,f,2025-02-15 02:04:23
MT2024120,100,4,Old Academic,657,firee the employee,t,2025-02-13 16:58:41
2024572,97,2,Old Academic,254,rushing too much,f,2025-02-14 02:10:24
MT2024184,41,2,R&D block,351,efficient work,t,2025-02-12 16:04:35
2021455,22,5,R&D block,264,work not done properly,t,2025-02-13 15:09:19
MT2024064,47,2,R&D block,550,rushing too much,t,2025-02-14 01:27:54
2022050,102,5,H1 boys hostel,613,efficient work,t,2025-02-12 04:23:20
MT2023156,123,1,Faculty Residence,35,work not done properly,f,2025-02-14 20:23:40
2022004,46,3,H2 boys hostel,332,quick work,t,2025-02-14 13:14:12
2024311,33,2,LHC complex,677,quick work,f,2025-02-12 11:37:41
2022365,84,2,H2 boys hostel,100,rushing too much,t,2025-02-16 10:55:08
MT2023010,70,2,Faculty Residence,1003,efficient work,t,2025-02-10 14:44:04
MT2023382,18,6,Old Academic,424,firee the employee,t,2025-02-14 14:33:58
MT2023350,55,3,H2 boys hostel,363,firee the employee,t,2025-02-12 06:38:58
2023241,106,2,H1 boys hostel,273,efficient work,t,2025-02-16 03:15:43
2022230,64,2,Old Academic,136,lowkey chill guy,f,2025-02-14 17:57:36
2023255,116,2,H1 boys hostel,417,firee the employee,t,2025-02-12 15:25:25
2021538,50,1,R&D block,693,efficient work,f,2025-02-16 14:05:02
MT2023087,67,2,Faculty Residence,357,quick work,t,2025-02-12 13:22:53
2024278,34,6,H1 boys hostel,629,rushing too much,f,2025-02-13 08:47:50
2021230,67,2,H2 boys hostel,455,rushing too much,f,2025-02-16 01:42:52
MT2023120,3,2,Old Academic,73,good work,f,2025-02-11 17:58:46
2024157,67,2,LHC complex,526,firee the employee,t,2025-02-16 21:41:34
2023571,75,1,H2 boys hostel,417,efficient work,f,2025-02-13 06:39:38
MT2023399,22,5,Old Academic,793,lowkey chill guy,t,2025-02-15 15:56:26
2024330,129,2,LHC complex,11,rushing too much,t,2025-02-16 19:03:03
2024186,72,5,H2 boys hostel,142,efficient work,t,2025-02-13 10:17:09
2023001,19,2,Faculty Residence,630,work not done properly,f,2025-02-14 13:46:16
2021440,71,1,Girls Hostel,740,good work,f,2025-02-11 11:00:33
2021372,22,5,LHC complex,667,firee the employee,f,2025-02-15 03:38:51
2023579,57,2,LHC complex,9,efficient work,t,2025-02-13 17:42:13
2023421,49,2,Old Academic,66,work not done properly,t,2025-02-14 00:25:42
2024448,43,2,H2 boys hostel,31,lowkey chill guy,t,2025-02-10 03:31:31
MT2024326,32,5,R&D block,577,rushing too much,t,2025-02-15 17:16:41
MT2023313,34,6,R&D block,195,lowkey chill guy,t,2025-02-11 09:40:39
MT2024302,25,2,H1 boys hostel,870,rushing too much,t,2025-02-13 14:10:53
2022510,119,2,R&D block,160,work not done properly,t,2025-02-13 03:52:45
2023524,76,2,Old Academic,804,work not done properly,f,2025-02-13 04:33:54
MT2024310,8,2,R&D block,958,good work,t,2025-02-11 20:53:11
MT2023143,85,2,R&D block,51,efficient work,f,2025-02-11 12:35:58
2022334,55,3,Girls Hostel,562,good work,t,2025-02-13 17:10:11
2022617,108,3,Faculty Residence,858,work not done properly,t,2025-02-13 18:43:17
2024230,118,2,LHC complex,348,efficient work,f,2025-02-13 05:44:22
MT2023068,21,2,R&D block,869,good work,f,2025-02-11 08:40:52
2024537,82,1,H1 boys hostel,514,rushing too much,t,2025-02-14 05:01:26
MT2024246,116,2,H2 boys hostel,41,firee the employee,t,2025-02-13 23:21:48
2024475,126,1,R&D block,845,work not done properly,t,2025-02-16 03:38:28
MT2023335,89,6,R&D block,799,quick work,t,2025-02-13 04:29:07
MT2024381,96,2,H1 boys hostel,833,rushing too much,t,2025-02-13 16:17:42
2022605,41,2,R&D block,136,efficient work,f,2025-02-16 19:30:52
2023341,78,2,H1 boys hostel,273,good work,f,2025-02-11 08:58:27
2022148,116,2,R&D block,166,firee the employee,f,2025-02-12 23:27:56
MT2023389,107,2,R&D block,91,efficient work,f,2025-02-15 19:24:02
2021543,115,2,LHC complex,282,lowkey chill guy,f,2025-02-15 17:05:24
2024042,27,2,H2 boys hostel,835,rushing too much,f,2025-02-10 22:05:47
MT2023190,89,6,R&D block,765,efficient work,t,2025-02-10 17:04:06
2021573,81,2,H2 boys hostel,335,work not done properly,t,2025-02-10 08:16:06
MT2023321,119,2,Faculty Residence,1009,efficient work,f,2025-02-15 06:21:35
2021620,19,2,Faculty Residence,692,efficient work,f,2025-02-16 17:08:17
2021128,63,2,H1 boys hostel,90,lowkey chill guy,f,2025-02-13 14:14:03
MT2024009,51,2,LHC complex,589,firee the employee,t,2025-02-13 18:33:04
2022470,45,2,H2 boys hostel,537,work not done properly,t,2025-02-11 04:51:43
MT2023024,74,6,H1 boys hostel,986,firee the employee,f,2025-02-11 16:42:54
2024295,8,2,Faculty Residence,720,good work,t,2025-02-15 09:55:08
2021405,122,2,Old Academic,718,work not done properly,t,2025-02-12 15:39:32
MT2023121,94,5,Girls Hostel,333,efficient work,f,2025-02-12 11:29:33
2024164,55,3,Faculty Residence,420,quick work,t,2025-02-10 02:01:59
2021053,110,1,R&D block,757,efficient work,f,2025-02-10 16:44:55
2022089,92,2,LHC complex,752,work not done properly,f,2025-02-15 17:36:57
MT2024199,12,2,H2 boys hostel,206,rushing too much,f,2025-02-15 10:08:59
2021031,64,2,H1 boys hostel,668,rushing too much,t,2025-02-11 01:19:02
MT2023341,53,3,Old Academic,287,efficient work,f,2025-02-12 14:27:45
2021120,67,2,Girls Hostel,662,good work,t,2025-02-15 21:36:43
MT2023339,128,2,H1 boys hostel,842,rushing too much,t,2025-02-11 06:28:40
2021401,129,2,H1 boys hostel,972,rushing too much,t,2025-02-12 09:15:55
MT2024052,1,2,LHC complex,899,lowkey chill guy,t,2025-02-14 13:00:17
2023125,103,2,H2 boys hostel,511,good work,f,2025-02-16 21:16:00
2024245,129,2,H1 boys hostel,721,firee the employee,t,2025-02-15 13:14:29
2023351,93,2,H1 boys hostel,193,firee the employee,f,2025-02-12 17:08:05
MT2024132,106,2,Faculty Residence,96,rushing too much,f,2025-02-13 19:46:10
2024369,60,2,H2 boys hostel,197,firee the employee,t,2025-02-10 10:49:34
MT2024290,120,2,LHC complex,169,efficient work,t,2025-02-12 16:06:49
2023059,112,1,LHC complex,664,work not done properly,f,2025-02-14 14:30:38
2022172,41,2,H1 boys hostel,503,efficient work,f,2025-02-10 23:14:57
MT2024261,57,2,H2 boys hostel,836,rushing too much,t,2025-02-10 23:01:58
2022450,108,3,Girls Hostel,143,quick work,f,2025-02-15 02:12:39
MT2023087,109,2,LHC complex,206,efficient work,t,2025-02-12 22:14:55
MT2023226,70,2,Old Academic,363,rushing too much,t,2025-02-11 00:22:53
MT2024194,87,2,LHC complex,114,lowkey chill guy,f,2025-02-11 18:01:43
2023036,75,1,Old Academic,569,good work,t,2025-02-16 14:26:47
MT2024366,44,1,H1 boys hostel,320,rushing too much,t,2025-02-10 18:37:21
MT2023308,126,1,R&D block,519,work not done properly,t,2025-02-13 12:08:36
2021425,107,2,LHC complex,843,lowkey chill guy,t,2025-02-15 10:00:08
MT2023152,112,1,R&D block,616,good work,t,2025-02-15 16:49:13
2022219,94,5,Old Academic,856,good work,t,2025-02-16 05:37:10
2022534,32,5,LHC complex,716,lowkey chill guy,t,2025-02-10 22:42:40
2021561,26,2,H2 boys hostel,876,work not done properly,f,2025-02-15 23:07:45
2022328,79,2,H1 boys hostel,468,lowkey chill guy,t,2025-02-16 13:12:20
2021431,89,6,Old Academic,771,work not done properly,f,2025-02-10 22:12:32
MT2023054,99,2,Girls Hostel,85,efficient work,t,2025-02-14 17:30:49
MT2023016,24,6,LHC complex,414,quick work,t,2025-02-12 15:56:02
2021211,36,1,R&D block,852,work not done properly,t,2025-02-14 18:01:00
2022426,128,2,R&D block,93,firee the employee,f,2025-02-10 03:09:07
2023577,46,3,Old Academic,533,work not done properly,f,2025-02-14 19:44:14
MT2024284,37,6,LHC complex,434,efficient work,f,2025-02-13 19:13:52
2023176,26,2,H2 boys hostel,778,quick work,t,2025-02-15 11:59:22
2023513,39,1,Faculty Residence,754,efficient work,t,2025-02-12 03:13:07
2021405,87,2,Girls Hostel,398,rushing too much,t,2025-02-10 16:37:46
2022314,67,2,R&D block,505,firee the employee,f,2025-02-15 08:35:25
MT2024082,31,1,Old Academic,745,efficient work,t,2025-02-10 07:22:21
2022593,109,2,R&D block,253,quick work,t,2025-02-14 06:35:47
MT2024076,28,1,Girls Hostel,804,lowkey chill guy,t,2025-02-16 15:11:19
MT2023020,119,2,Girls Hostel,13,rushing too much,t,2025-02-14 09:16:20
2021384,88,2,LHC complex,374,work not done properly,f,2025-02-15 08:36:52
2023212,109,2,H2 boys hostel,754,efficient work,t,2025-02-12 21:57:26
MT2023112,124,2,R&D block,912,quick work,f,2025-02-14 13:01:32
MT2023056,28,1,Faculty Residence,114,firee the employee,f,2025-02-14 15:40:24
MT2024382,83,2,H1 boys hostel,478,quick work,f,2025-02-14 00:38:24
MT2023212,72,5,Faculty Residence,129,firee the employee,f,2025-02-14 07:56:21
2021062,125,4,LHC complex,935,lowkey chill guy,f,2025-02-12 17:02:08
MT2024304,122,2,Girls Hostel,584,lowkey chill guy,t,2025-02-15 06:40:18
2022129,12,2,LHC complex,325,lowkey chill guy,t,2025-02-16 09:08:59
MT2024241,82,1,Faculty Residence,604,work not done properly,t,2025-02-11 22:06:32
2024529,129,2,Girls Hostel,353,efficient work,t,2025-02-16 13:21:49
2023450,84,2,H1 boys hostel,688,work not done properly,f,2025-02-16 08:32:32
MT2023161,9,2,Old Academic,46,rushing too much,f,2025-02-11 03:46:02
2023565,112,1,Old Academic,335,firee the employee,t,2025-02-10 10:34:09
2021382,20,2,H2 boys hostel,570,good work,t,2025-02-15 13:35:03
2024581,31,1,Faculty Residence,494,lowkey chill guy,f,2025-02-16 22:03:52
MT2023226,21,2,H2 boys hostel,558,lowkey chill guy,t,2025-02-11 23:32:17
2023020,101,2,R&D block,322,lowkey chill guy,t,2025-02-13 04:11:35
MT2024225,64,2,LHC complex,416,work not done properly,t,2025-02-16 12:50:24
MT2023239,53,3,LHC complex,301,good work,f,2025-02-13 22:33:31
MT2024305,106,2,H1 boys hostel,392,lowkey chill guy,t,2025-02-12 06:13:12
MT2024253,46,3,Faculty Residence,3,firee the employee,f,2025-02-13 20:08:06
2024504,84,2,Girls Hostel,426,rushing too much,t,2025-02-10 03:15:52
MT2023072,40,2,LHC complex,936,work not done properly,t,2025-02-16 09:23:04
2024130,109,2,H1 boys hostel,612,rushing too much,t,2025-02-11 06:32:44
MT2023260,67,2,R&D block,568,rushing too much,t,2025-02-15 01:51:53
MT2023192,22,5,LHC complex,156,good work,t,2025-02-16 12:25:23
MT2024320,118,2,Girls Hostel,28,quick work,f,2025-02-15 04:36:47
MT2024156,118,2,R&D block,1014,good work,f,2025-02-16 17:54:19
MT2024133,48,2,Faculty Residence,58,efficient work,t,2025-02-10 22:41:19
MT2023103,44,1,Old Academic,405,good work,t,2025-02-11 00:48:41
MT2024378,35,2,LHC complex,593,lowkey chill guy,t,2025-02-15 19:39:43
2024495,19,2,Faculty Residence,259,lowkey chill guy,f,2025-02-10 13:28:50
MT2024007,85,2,H1 boys hostel,576,efficient work,f,2025-02-16 16:36:40
2024217,55,3,R&D block,941,work not done properly,t,2025-02-11 20:49:17
MT2024352,7,1,Faculty Residence,741,rushing too much,t,2025-02-16 16:07:43
MT2024257,76,2,R&D block,17,lowkey chill guy,f,2025-02-12 19:59:56
2022469,84,2,Old Academic,957,rushing too much,t,2025-02-12 10:50:22
MT2024148,46,3,LHC complex,822,good work,t,2025-02-10 22:09:21
2023026,42,2,LHC complex,23,quick work,t,2025-02-12 08:25:10
MT2024320,82,1,Old Academic,960,lowkey chill guy,f,2025-02-14 08:53:34
MT2023076,101,2,R&D block,441,rushing too much,f,2025-02-14 22:37:28
2022519,125,4,Old Academic,126,good work,f,2025-02-09 23:32:34
2024265,122,2,Faculty Residence,215,work not done properly,t,2025-02-10 11:15:53
2021606,82,1,H1 boys hostel,598,lowkey chill guy,t,2025-02-12 16:05:50
2021181,61,2,H1 boys hostel,95,work not done properly,t,2025-02-10 22:03:36
MT2024324,58,2,Girls Hostel,459,work not done properly,f,2025-02-16 05:19:46
2021405,69,2,LHC complex,838,efficient work,t,2025-02-12 23:32:25
2023300,29,2,Faculty Residence,767,good work,t,2025-02-14 08:44:30
2024470,3,2,Old Academic,146,lowkey chill guy,f,2025-02-10 07:26:06
MT2023097,56,2,LHC complex,298,firee the employee,t,2025-02-11 16:48:49
2022185,100,4,Faculty Residence,279,work not done properly,f,2025-02-12 19:29:21
MT2023247,34,6,Old Academic,682,quick work,f,2025-02-10 08:58:13
2023271,50,1,H2 boys hostel,316,rushing too much,f,2025-02-15 14:39:02
2021470,74,6,H1 boys hostel,37,good work,t,2025-02-10 23:59:07
MT2023171,102,5,Old Academic,751,work not done properly,f,2025-02-11 08:27:29
2021441,22,5,R&D block,705,lowkey chill guy,f,2025-02-16 02:33:34
MT2024182,53,3,H1 boys hostel,556,firee the employee,t,2025-02-10 01:47:04
2022359,15,2,H1 boys hostel,62,lowkey chill guy,t,2025-02-15 07:18:33
2022034,53,3,Girls Hostel,456,work not done properly,f,2025-02-14 10:13:21
2023309,57,2,H2 boys hostel,550,rushing too much,t,2025-02-14 19:46:51
MT2023270,54,2,R&D block,296,work not done properly,t,2025-02-16 22:42:28
MT2023354,88,2,Girls Hostel,132,work not done properly,t,2025-02-10 21:11:35
MT2024242,126,1,H1 boys hostel,649,rushing too much,f,2025-02-13 20:22:51
MT2024347,128,2,Faculty Residence,494,good work,t,2025-02-14 12:10:51
MT2024081,12,2,Old Academic,275,good work,f,2025-02-16 12:19:09
2021389,70,2,R&D block,931,good work,f,2025-02-15 15:40:28
2022016,123,1,H1 boys hostel,281,quick work,f,2025-02-11 09:46:10
2024268,12,2,R&D block,475,work not done properly,t,2025-02-14 21:03:08
2021602,119,2,LHC complex,582,firee the employee,f,2025-02-11 20:51:37
MT2024357,16,2,R&D block,201,efficient work,f,2025-02-14 16:10:31
MT2024211,68,2,R&D block,761,good work,f,2025-02-10 15:01:48
2022037,87,2,LHC complex,724,lowkey chill guy,t,2025-02-16 19:43:15
2022409,65,3,LHC complex,1008,firee the employee,f,2025-02-15 17:26:18
2021407,101,2,H2 boys hostel,699,firee the employee,f,2025-02-16 01:28:50
MT2023029,22,5,Old Academic,289,firee the employee,t,2025-02-13 12:40:10
MT2024220,106,2,Girls Hostel,146,quick work,t,2025-02-15 07:34:58
MT2023218,20,2,Faculty Residence,468,good work,t,2025-02-15 12:06:07
2024045,97,2,Old Academic,265,work not done properly,f,2025-02-11 00:07:04
2021442,25,2,Girls Hostel,545,work not done properly,f,2025-02-16 02:23:27
MT2024185,98,3,R&D block,811,quick work,f,2025-02-12 20:49:39
MT2023198,64,2,Girls Hostel,191,firee the employee,t,2025-02-14 06:43:08
2022183,25,2,Girls Hostel,115,efficient work,t,2025-02-14 11:04:32
2022470,100,4,Girls Hostel,279,efficient work,f,2025-02-10 20:31:44
2024351,6,1,LHC complex,23,work not done properly,t,2025-02-16 04:48:17
MT2024072,66,2,Old Academic,200,quick work,f,2025-02-14 06:52:31
2024555,116,2,Girls Hostel,481,rushing too much,t,2025-02-12 01:40:02
2024158,44,1,Faculty Residence,42,work not done properly,f,2025-02-10 18:10:56
MT2024122,40,2,H1 boys hostel,819,lowkey chill guy,t,2025-02-15 23:15:47
2024180,75,1,Old Academic,89,quick work,t,2025-02-13 10:10:28
2023194,106,2,H1 boys hostel,11,good work,f,2025-02-10 14:31:42
MT2024263,61,2,Old Academic,1002,lowkey chill guy,f,2025-02-12 00:02:36
MT2023122,100,4,LHC complex,736,rushing too much,t,2025-02-11 06:33:16
MT2024333,113,2,Girls Hostel,785,quick work,f,2025-02-15 09:40:33
MT2024156,60,2,Old Academic,199,quick work,f,2025-02-12 11:26:25
2024327,118,2,Girls Hostel,191,work not done properly,t,2025-02-15 14:59:53
2023161,9,2,Girls Hostel,822,firee the employee,t,2025-02-13 17:09:02
MT2024122,89,6,LHC complex,460,firee the employee,t,2025-02-16 20:01:43
2023032,108,3,LHC complex,960,firee the employee,f,2025-02-13 10:50:38
MT2023347,94,5,H2 boys hostel,138,quick work,t,2025-02-16 07:32:09
2021035,50,1,Girls Hostel,80,rushing too much,t,2025-02-14 13:30:52
2022056,19,2,Old Academic,600,good work,f,2025-02-11 18:25:36
MT2023205,99,2,LHC complex,438,lowkey chill guy,t,2025-02-16 07:05:39
2022063,92,2,H2 boys hostel,281,work not done properly,f,2025-02-13 21:44:39
MT2023047,29,2,H2 boys hostel,718,work not done properly,f,2025-02-16 22:42:57
2024246,122,2,LHC complex,60,work not done properly,t,2025-02-10 11:42:34
2021438,114,1,Old Academic,271,good work,f,2025-02-14 01:55:48
2022279,100,4,LHC complex,771,good work,f,2025-02-12 15:54:18
MT2023381,63,2,R&D block,964,good work,t,2025-02-15 10:53:57
MT2023204,50,1,Girls Hostel,558,work not done properly,f,2025-02-14 12:29:56
MT2023381,80,1,LHC complex,159,quick work,f,2025-02-11 23:43:16
2021587,105,4,LHC complex,944,quick work,f,2025-02-11 08:07:30
2023352,32,5,LHC complex,251,efficient work,f,2025-02-11 23:16:39
MT2023244,13,2,H2 boys hostel,460,work not done properly,f,2025-02-11 15:15:18
MT2023188,68,2,Old Academic,861,good work,f,2025-02-16 14:19:01
2021469,103,2,Girls Hostel,503,good work,t,2025-02-11 11:16:18
MT2023296,97,2,LHC complex,912,efficient work,f,2025-02-13 03:08:35
MT2023296,19,2,LHC complex,64,firee the employee,t,2025-02-10 15:28:31
2024104,122,2,Faculty Residence,655,firee the employee,f,2025-02-15 13:55:32
2023563,11,3,Girls Hostel,468,efficient work,f,2025-02-16 20:38:13
2022443,83,2,LHC complex,1001,firee the employee,t,2025-02-16 00:22:04
MT2023025,96,2,LHC complex,628,efficient work,f,2025-02-11 11:47:21
MT2023309,35,2,H1 boys hostel,83,lowkey chill guy,f,2025-02-10 14:01:00
2024003,125,4,R&D block,263,firee the employee,t,2025-02-14 23:15:28
2024266,73,2,Old Academic,582,firee the employee,t,2025-02-10 03:15:59
MT2023293,85,2,Faculty Residence,271,firee the employee,f,2025-02-16 01:12:29
2021497,106,2,Faculty Residence,325,firee the employee,f,2025-02-13 22:53:04
MT2023258,86,2,Girls Hostel,144,good work,t,2025-02-16 10:52:59
MT2023347,67,2,Old Academic,28,work not done properly,f,2025-02-14 19:29:05
MT2023090,94,5,Old Academic,342,lowkey chill guy,t,2025-02-10 07:52:12
MT2024218,28,1,H2 boys hostel,672,quick work,f,2025-02-15 22:52:28
MT2024353,96,2,R&D block,164,work not done properly,t,2025-02-12 08:21:15
MT2024340,37,6,Faculty Residence,280,good work,f,2025-02-10 03:56:08
MT2024289,81,2,Faculty Residence,969,firee the employee,t,2025-02-15 21:27:23
2021222,100,4,Girls Hostel,736,rushing too much,f,2025-02-16 18:53:27
MT2023082,115,2,LHC complex,692,firee the employee,f,2025-02-12 06:53:14
2022392,30,5,Old Academic,93,lowkey chill guy,t,2025-02-15 11:10:06
2024396,113,2,LHC complex,834,lowkey chill guy,t,2025-02-16 22:24:17
MT2023194,57,2,Faculty Residence,789,rushing too much,t,2025-02-12 19:12:10
MT2023373,53,3,Old Academic,788,rushing too much,f,2025-02-14 21:00:32
MT2023058,98,3,R&D block,456,quick work,f,2025-02-16 15:53:26
2021555,114,1,Old Academic,52,lowkey chill guy,f,2025-02-16 22:11:41
MT2023244,101,2,Old Academic,936,lowkey chill guy,t,2025-02-16 00:14:00
2023409,70,2,H2 boys hostel,984,efficient work,t,2025-02-12 00:13:39
MT2023141,92,2,H2 boys hostel,14,quick work,t,2025-02-14 11:44:10
MT2023071,4,2,H1 boys hostel,435,quick work,f,2025-02-12 16:52:15
MT2024306,81,2,Faculty Residence,692,lowkey chill guy,f,2025-02-16 20:27:59
MT2023365,100,4,H2 boys hostel,12,firee the employee,t,2025-02-11 00:04:10
2021179,2,2,Girls Hostel,208,work not done properly,t,2025-02-11 00:41:17
2021502,69,2,R&D block,17,firee the employee,t,2025-02-15 22:49:12
MT2024259,81,2,R&D block,952,work not done properly,f,2025-02-10 05:04:34
2022385,119,2,H1 boys hostel,565,lowkey chill guy,t,2025-02-12 07:58:13
MT2023238,68,2,H2 boys hostel,1018,quick work,t,2025-02-10 03:01:40
2023145,59,2,Old Academic,143,quick work,t,2025-02-14 22:11:41
MT2023300,15,2,LHC complex,215,lowkey chill guy,f,2025-02-13 16:34:49
MT2023350,93,2,R&D block,941,good work,f,2025-02-15 21:58:14
2022467,18,6,H1 boys hostel,102,work not done properly,f,2025-02-15 19:12:04
2022023,114,1,Girls Hostel,849,good work,f,2025-02-13 18:41:48
2024120,13,2,H1 boys hostel,777,lowkey chill guy,f,2025-02-12 03:08:28
2022427,11,3,H2 boys hostel,87,lowkey chill guy,t,2025-02-12 03:59:40
MT2023226,7,1,Faculty Residence,305,lowkey chill guy,t,2025-02-15 05:43:00
MT2024243,71,1,H1 boys hostel,646,efficient work,t,2025-02-16 13:26:49
2022192,62,1,R&D block,51,work not done properly,f,2025-02-14 20:54:51
MT2024381,51,2,H1 boys hostel,380,efficient work,t,2025-02-15 01:10:29
MT2023213,115,2,Faculty Residence,147,quick work,t,2025-02-10 17:18:52
2023480,24,6,Faculty Residence,815,lowkey chill guy,f,2025-02-16 19:33:21
MT2023382,4,2,H2 boys hostel,290,quick work,f,2025-02-16 01:22:14
2023291,3,2,LHC complex,371,quick work,f,2025-02-10 14:47:01
MT2024062,56,2,Girls Hostel,126,rushing too much,f,2025-02-16 21:03:04
MT2024393,46,3,H1 boys hostel,753,quick work,f,2025-02-12 14:56:25
MT2023154,100,4,Old Academic,241,quick work,f,2025-02-15 18:55:33
MT2023384,123,1,H2 boys hostel,684,efficient work,t,2025-02-12 22:03:50
MT2024193,116,2,Old Academic,970,work not done properly,f,2025-02-15 17:43:06
2021443,67,2,H1 boys hostel,199,work not done properly,t,2025-02-14 22:40:45
MT2023281,119,2,Faculty Residence,254,work not done properly,t,2025-02-15 18:45:08
MT2023296,2,2,Faculty Residence,529,good work,f,2025-02-10 18:24:48
MT2023346,31,1,H1 boys hostel,916,quick work,f,2025-02-16 02:45:21
MT2024267,40,2,Faculty Residence,283,lowkey chill guy,f,2025-02-16 23:08:47
MT2024378,95,2,Girls Hostel,1011,lowkey chill guy,f,2025-02-16 03:42:57
MT2023230,21,2,H2 boys hostel,233,lowkey chill guy,f,2025-02-14 13:39:15
2023352,64,2,Old Academic,609,firee the employee,t,2025-02-11 13:56:48
MT2023052,70,2,Old Academic,755,good work,f,2025-02-10 18:43:45
2022556,20,2,Faculty Residence,370,quick work,t,2025-02-12 16:11:17
2024086,21,2,R&D block,241,firee the employee,t,2025-02-13 06:21:54
MT2024089,71,1,Girls Hostel,498,efficient work,f,2025-02-12 06:42:12
2021156,78,2,H2 boys hostel,31,efficient work,t,2025-02-12 15:23:23
MT2023155,14,4,Old Academic,835,rushing too much,t,2025-02-10 09:24:38
2022558,26,2,LHC complex,328,good work,t,2025-02-12 15:20:53
2021601,47,2,Old Academic,183,rushing too much,f,2025-02-16 05:29:41
MT2024013,121,1,R&D block,594,quick work,t,2025-02-12 17:30:04
MT2024344,51,2,Girls Hostel,833,quick work,f,2025-02-16 02:56:47
2021149,6,1,LHC complex,366,lowkey chill guy,t,2025-02-10 20:10:08
2024278,86,2,Faculty Residence,664,quick work,t,2025-02-11 06:44:37
MT2023130,5,2,Old Academic,25,rushing too much,t,2025-02-12 16:28:46
2021436,32,5,LHC complex,740,quick work,t,2025-02-16 12:47:12
MT2024113,103,2,Old Academic,816,work not done properly,f,2025-02-14 00:39:39
2024039,101,2,H1 boys hostel,409,good work,f,2025-02-15 05:31:35
2022404,38,5,LHC complex,162,rushing too much,t,2025-02-11 05:26:27
2023510,69,2,H1 boys hostel,560,quick work,f,2025-02-15 19:58:11
2022128,58,2,R&D block,526,work not done properly,t,2025-02-11 09:37:50
MT2023304,101,2,H2 boys hostel,347,firee the employee,f,2025-02-13 12:11:27
MT2023159,42,2,LHC complex,297,lowkey chill guy,f,2025-02-14 19:43:27
2022127,52,6,Faculty Residence,932,rushing too much,t,2025-02-16 08:34:34
MT2024393,69,2,Faculty Residence,883,lowkey chill guy,f,2025-02-11 05:03:05
MT2023334,35,2,Old Academic,529,work not done properly,t,2025-02-12 20:47:45
2024382,4,2,R&D block,165,lowkey chill guy,f,2025-02-16 17:47:39
2023294,128,2,R&D block,960,firee the employee,t,2025-02-15 10:59:00
2021303,65,3,LHC complex,232,work not done properly,t,2025-02-13 02:13:13
MT2024399,74,6,Faculty Residence,306,firee the employee,t,2025-02-16 12:39:28
2021423,129,2,H1 boys hostel,221,firee the employee,t,2025-02-13 17:55:19
2024142,24,6,H1 boys hostel,781,firee the employee,t,2025-02-12 10:44:22
MT2023239,87,2,LHC complex,671,firee the employee,t,2025-02-12 08:27:04
2022477,40,2,H2 boys hostel,139,firee the employee,t,2025-02-16 06:21:52
2024331,130,2,Faculty Residence,589,work not done properly,t,2025-02-16 13:06:07
MT2024235,7,1,Old Academic,148,quick work,t,2025-02-14 19:45:55
2023200,42,2,Faculty Residence,576,lowkey chill guy,f,2025-02-12 14:16:27
MT2023369,66,2,LHC complex,994,work not done properly,t,2025-02-11 09:09:04
MT2024165,18,6,H1 boys hostel,745,firee the employee,f,2025-02-11 04:27:53
2022578,67,2,H1 boys hostel,347,good work,f,2025-02-10 18:14:58
2023613,106,2,Girls Hostel,837,work not done properly,t,2025-02-15 16:32:50
MT2024243,71,1,Old Academic,647,work not done properly,f,2025-02-11 06:44:29
2022236,74,6,R&D block,576,firee the employee,f,2025-02-10 04:04:03
MT2024017,16,2,Old Academic,925,quick work,t,2025-02-16 17:07:23
MT2023024,24,6,H2 boys hostel,727,lowkey chill guy,f,2025-02-10 01:07:34
MT2024299,117,4,H2 boys hostel,56,good work,f,2025-02-13 19:32:25
2022442,117,4,Girls Hostel,766,lowkey chill guy,f,2025-02-11 10:59:24
2022172,71,1,H2 boys hostel,824,rushing too much,f,2025-02-11 19:07:48
2023059,108,3,R&D block,500,good work,t,2025-02-15 08:08:49
MT2024323,97,2,LHC complex,252,lowkey chill guy,f,2025-02-16 20:00:32
MT2023055,78,2,Faculty Residence,945,work not done properly,t,2025-02-16 03:47:50
2021556,104,2,Old Academic,191,good work,f,2025-02-11 10:22:46
2024590,123,1,Girls Hostel,177,work not done properly,t,2025-02-15 15:30:31
MT2024033,60,2,H1 boys hostel,66,lowkey chill guy,t,2025-02-14 03:09:18
2023422,71,1,H2 boys hostel,792,rushing too much,t,2025-02-15 22:03:03
2023191,108,3,Girls Hostel,461,efficient work,f,2025-02-15 07:51:10
MT2023346,19,2,LHC complex,895,efficient work,f,2025-02-13 03:31:52
MT2024399,76,2,Faculty Residence,156,quick work,t,2025-02-15 11:34:20
2022596,96,2,LHC complex,775,quick work,f,2025-02-14 19:54:21
MT2023248,55,3,R&D block,254,work not done properly,t,2025-02-12 15:10:46
MT2023237,102,5,H2 boys hostel,18,rushing too much,f,2025-02-16 05:39:26
2021187,52,6,LHC complex,798,efficient work,f,2025-02-16 20:17:41
MT2023295,37,6,Old Academic,385,efficient work,f,2025-02-13 09:18:49
MT2023109,101,2,H2 boys hostel,33,work not done properly,t,2025-02-10 03:21:19
MT2024121,83,2,LHC complex,90,lowkey chill guy,t,2025-02-15 18:52:37
MT2023328,18,6,Girls Hostel,876,work not done properly,t,2025-02-10 21:23:59
MT2023186,26,2,H2 boys hostel,533,firee the employee,t,2025-02-11 17:02:35
MT2023108,129,2,Girls Hostel,557,firee the employee,t,2025-02-10 10:49:41
2023543,98,3,Faculty Residence,443,work not done properly,t,2025-02-12 07:29:01
2023461,91,1,Old Academic,694,quick work,f,2025-02-12 23:08:08
MT2024213,111,2,H1 boys hostel,138,good work,t,2025-02-10 02:30:15
2022452,124,2,H2 boys hostel,676,quick work,f,2025-02-10 02:23:14
2023397,128,2,R&D block,507,rushing too much,t,2025-02-10 05:44:50
2022574,82,1,Faculty Residence,904,work not done properly,f,2025-02-10 09:49:36
MT2023052,52,6,Faculty Residence,644,quick work,t,2025-02-13 21:21:32
MT2024254,46,3,H1 boys hostel,451,efficient work,f,2025-02-14 17:47:43
2024492,17,4,LHC complex,398,quick work,f,2025-02-14 17:27:12
2022511,108,3,LHC complex,858,lowkey chill guy,f,2025-02-16 02:50:07
2024428,47,2,Old Academic,642,firee the employee,t,2025-02-14 06:16:02
2024338,68,2,Old Academic,887,firee the employee,f,2025-02-13 01:46:09
2021254,120,2,Old Academic,716,firee the employee,t,2025-02-10 08:48:43
MT2023241,85,2,Faculty Residence,175,firee the employee,t,2025-02-13 11:55:08
MT2024392,116,2,Faculty Residence,927,firee the employee,f,2025-02-10 12:01:51
MT2023203,100,4,R&D block,640,work not done properly,f,2025-02-10 14:45:16
MT2024263,80,1,Girls Hostel,122,efficient work,f,2025-02-12 07:16:46
MT2024361,54,2,Old Academic,213,lowkey chill guy,f,2025-02-12 21:28:31
2024330,52,6,Faculty Residence,310,work not done properly,t,2025-02-11 07:59:24
2024313,94,5,Faculty Residence,568,work not done properly,f,2025-02-13 03:10:24
MT2023224,88,2,Old Academic,123,work not done properly,t,2025-02-12 21:56:48
MT2024209,78,2,H2 boys hostel,661,quick work,t,2025-02-13 01:03:29
MT2024356,17,4,Faculty Residence,282,rushing too much,f,2025-02-11 22:37:20
2023564,74,6,Faculty Residence,319,good work,f,2025-02-16 04:38:27
2023069,51,2,H1 boys hostel,752,efficient work,f,2025-02-10 22:31:56
MT2024352,27,2,Faculty Residence,138,firee the employee,f,2025-02-15 13:22:30
2023591,35,2,Girls Hostel,570,lowkey chill guy,f,2025-02-16 00:16:32
MT2024144,61,2,Faculty Residence,123,quick work,f,2025-02-12 16:47:30
MT2024080,21,2,H2 boys hostel,208,work not done properly,f,2025-02-12 20:40:36
MT2023216,125,4,Faculty Residence,352,lowkey chill guy,t,2025-02-16 01:58:09
MT2023109,105,4,LHC complex,404,quick work,t,2025-02-10 09:13:37
2022596,125,4,Old Academic,556,good work,t,2025-02-15 09:40:05
MT2023155,25,2,Old Academic,75,good work,f,2025-02-14 14:03:21
MT2024266,130,2,Faculty Residence,762,work not done properly,f,2025-02-10 04:29:19
2022244,109,2,Faculty Residence,767,rushing too much,f,2025-02-13 21:39:36
MT2023354,96,2,H2 boys hostel,890,quick work,f,2025-02-16 00:38:16
2024305,110,1,LHC complex,469,efficient work,f,2025-02-14 01:43:47
MT2023397,28,1,Old Academic,20,lowkey chill guy,t,2025-02-10 19:23:08
2024243,122,2,Girls Hostel,579,efficient work,f,2025-02-12 06:22:47
MT2024157,96,2,Old Academic,920,efficient work,t,2025-02-13 06:13:00
MT2024115,56,2,LHC complex,132,lowkey chill guy,f,2025-02-11 16:38:29
MT2023348,98,3,Old Academic,807,good work,f,2025-02-15 18:12:52
MT2024346,104,2,R&D block,565,good work,t,2025-02-15 02:12:19
MT2023065,41,2,LHC complex,957,rushing too much,f,2025-02-15 23:17:42
MT2023317,34,6,H1 boys hostel,500,quick work,t,2025-02-14 10:17:33
MT2024096,35,2,H2 boys hostel,21,rushing too much,f,2025-02-13 09:29:02
MT2023223,104,2,Faculty Residence,1009,efficient work,t,2025-02-12 00:05:19
2021325,87,2,Old Academic,155,rushing too much,f,2025-02-12 04:12:37
2022281,54,2,Old Academic,655,firee the employee,f,2025-02-10 12:18:44
2024596,78,2,Old Academic,723,work not done properly,f,2025-02-15 03:42:53
MT2024326,86,2,Old Academic,734,firee the employee,t,2025-02-16 13:29:57
MT2024247,77,4,Old Academic,847,rushing too much,f,2025-02-12 17:26:04
MT2023343,66,2,Faculty Residence,38,quick work,f,2025-02-14 03:02:07
MT2023007,116,2,Old Academic,419,firee the employee,t,2025-02-15 04:08:07
2021286,125,4,Girls Hostel,782,rushing too much,t,2025-02-12 07:41:36
2023275,16,2,R&D block,162,good work,t,2025-02-10 09:50:05
MT2024089,20,2,Faculty Residence,99,efficient work,f,2025-02-16 13:42:14
2021384,8,2,H2 boys hostel,772,rushing too much,t,2025-02-10 03:12:40
MT2023229,44,1,Faculty Residence,280,quick work,t,2025-02-16 05:24:29
2024177,37,6,H1 boys hostel,606,lowkey chill guy,f,2025-02-10 14:01:50
2024198,46,3,Old Academic,924,quick work,t,2025-02-13 00:58:17
MT2023110,118,2,R&D block,927,work not done properly,f,2025-02-13 18:20:57
2021207,24,6,Faculty Residence,940,work not done properly,f,2025-02-11 07:44:37
MT2023339,91,1,H2 boys hostel,774,quick work,t,2025-02-16 21:48:27
MT2023394,123,1,Girls Hostel,518,good work,t,2025-02-12 04:07:53
MT2023311,21,2,LHC complex,358,rushing too much,f,2025-02-11 10:20:00
2021342,15,2,Old Academic,806,efficient work,f,2025-02-12 00:14:03
2021251,97,2,Old Academic,443,rushing too much,f,2025-02-12 03:16:41
MT2023364,128,2,Girls Hostel,11,lowkey chill guy,t,2025-02-10 12:43:45
2024479,32,5,Girls Hostel,222,lowkey chill guy,f,2025-02-14 13:02:49
2021339,60,2,Old Academic,848,lowkey chill guy,f,2025-02-10 00:21:18
2023080,5,2,Old Academic,985,efficient work,t,2025-02-14 11:23:39
2021279,64,2,H1 boys hostel,19,firee the employee,t,2025-02-11 16:31:21
2023574,105,4,LHC complex,642,lowkey chill guy,f,2025-02-10 05:27:51
2021027,72,5,Faculty Residence,191,good work,t,2025-02-10 22:51:42
2022602,43,2,Old Academic,595,firee the employee,f,2025-02-14 06:30:28
MT2024294,51,2,H1 boys hostel,598,work not done properly,t,2025-02-14 10:24:15
MT2024005,33,2,Faculty Residence,921,efficient work,f,2025-02-15 03:44:06
MT2024041,120,2,H1 boys hostel,189,rushing too much,t,2025-02-11 05:35:14
MT2024006,35,2,Old Academic,457,efficient work,t,2025-02-12 07:06:56
2024204,103,2,Girls Hostel,782,efficient work,f,2025-02-13 21:51:23
MT2023035,128,2,H1 boys hostel,185,work not done properly,f,2025-02-13 10:34:20
MT2023097,47,2,Girls Hostel,131,rushing too much,f,2025-02-11 12:10:52
MT2024291,18,6,Old Academic,304,firee the employee,f,2025-02-15 00:41:12
2021401,80,1,H1 boys hostel,661,efficient work,f,2025-02-14 12:28:50
2023230,94,5,Girls Hostel,651,efficient work,t,2025-02-12 19:28:01
2021075,42,2,LHC complex,39,good work,t,2025-02-12 09:07:03
2023534,17,4,LHC complex,23,good work,f,2025-02-10 15:57:28
2024270,86,2,R&D block,867,firee the employee,t,2025-02-12 19:34:20
MT2023068,123,1,Old Academic,859,firee the employee,t,2025-02-14 23:22:23
MT2023082,71,1,H2 boys hostel,378,rushing too much,t,2025-02-11 10:17:05
MT2023185,124,2,Old Academic,703,good work,f,2025-02-14 08:48:24
2023439,26,2,LHC complex,758,good work,f,2025-02-16 16:54:53
MT2023220,49,2,Faculty Residence,844,firee the employee,t,2025-02-14 21:42:13
2021540,4,2,Faculty Residence,40,good work,f,2025-02-16 07:49:21
2021025,100,4,LHC complex,943,efficient work,f,2025-02-16 11:26:03
2024367,93,2,LHC complex,200,efficient work,t,2025-02-14 21:44:55
2022167,112,1,R&D block,805,work not done properly,f,2025-02-15 00:18:58
2023236,8,2,Girls Hostel,305,work not done properly,t,2025-02-16 08:15:22
2022220,54,2,LHC complex,927,quick work,f,2025-02-14 19:15:13
MT2024164,127,2,LHC complex,834,lowkey chill guy,t,2025-02-15 07:51:31
2022345,30,5,H1 boys hostel,191,firee the employee,t,2025-02-13 13:10:17
MT2023225,122,2,Girls Hostel,88,rushing too much,f,2025-02-16 17:25:00
MT2024273,107,2,LHC complex,288,good work,t,2025-02-15 23:52:08
2024114,116,2,Old Academic,719,lowkey chill guy,t,2025-02-14 08:03:18
MT2023385,121,1,LHC complex,790,good work,f,2025-02-15 10:37:57
2021217,9,2,R&D block,806,good work,f,2025-02-14 06:35:17
2023045,93,2,R&D block,8,rushing too much,f,2025-02-16 14:27:18
2021572,45,2,Old Academic,112,efficient work,f,2025-02-13 19:35:15
MT2023193,98,3,R&D block,513,firee the employee,f,2025-02-13 04:36:49
MT2024237,51,2,H1 boys hostel,91,good work,f,2025-02-12 09:04:58
2024366,2,2,H2 boys hostel,35,work not done properly,t,2025-02-11 05:37:57
MT2023041,89,6,Girls Hostel,612,good work,f,2025-02-10 04:03:07
2022459,79,2,H1 boys hostel,787,rushing too much,t,2025-02-11 10:11:59
MT2023141,75,1,Old Academic,699,good work,t,2025-02-15 09:31:14
2022296,76,2,Girls Hostel,397,efficient work,t,2025-02-15 09:13:20
2023233,27,2,LHC complex,861,firee the employee,t,2025-02-10 09:50:21
MT2024173,122,2,LHC complex,990,quick work,f,2025-02-11 04:41:47
2022142,46,3,Girls Hostel,612,efficient work,t,2025-02-14 12:51:04
MT2023354,80,1,Faculty Residence,522,work not done properly,t,2025-02-13 02:32:13
MT2023365,69,2,H1 boys hostel,415,rushing too much,f,2025-02-16 17:11:18
2024401,23,2,LHC complex,298,efficient work,f,2025-02-13 00:23:10
2021240,87,2,Faculty Residence,32,lowkey chill guy,t,2025-02-12 04:32:52
MT2024343,2,2,R&D block,1006,good work,f,2025-02-15 11:05:34
MT2024249,22,5,H1 boys hostel,33,lowkey chill guy,t,2025-02-14 09:08:09
2022598,73,2,H2 boys hostel,119,firee the employee,t,2025-02-15 11:07:25
MT2024262,59,2,R&D block,585,lowkey chill guy,t,2025-02-13 00:43:33
MT2024197,12,2,H1 boys hostel,670,good work,t,2025-02-16 12:48:49
MT2024029,61,2,Faculty Residence,27,firee the employee,t,2025-02-15 20:14:11
MT2023225,66,2,R&D block,577,efficient work,t,2025-02-12 01:56:33
MT2023221,20,2,Faculty Residence,77,efficient work,f,2025-02-12 09:12:41
MT2024019,6,1,H1 boys hostel,554,efficient work,t,2025-02-11 12:26:46
MT2023112,113,2,Faculty Residence,693,work not done properly,t,2025-02-12 16:39:50
2022470,39,1,Faculty Residence,414,rushing too much,t,2025-02-10 12:31:29
2023590,81,2,Old Academic,916,rushing too much,f,2025-02-12 10:59:45
2024487,55,3,H2 boys hostel,986,good work,t,2025-02-16 06:19:02
MT2024348,15,2,Faculty Residence,919,efficient work,f,2025-02-14 05:27:30
MT2024368,45,2,H1 boys hostel,674,work not done properly,t,2025-02-13 12:35:04
2024254,92,2,H2 boys hostel,856,good work,t,2025-02-16 02:50:03
2024110,106,2,H1 boys hostel,350,lowkey chill guy,f,2025-02-16 17:27:49
2022096,13,2,H1 boys hostel,259,work not done properly,t,2025-02-11 08:06:31
MT2023006,47,2,Girls Hostel,266,rushing too much,f,2025-02-14 10:58:55
MT2024172,85,2,Faculty Residence,53,work not done properly,t,2025-02-11 02:39:43
MT2024077,24,6,Girls Hostel,11,firee the employee,f,2025-02-14 01:06:44
2022608,104,2,Old Academic,291,lowkey chill guy,f,2025-02-11 10:12:10
2023130,121,1,Old Academic,529,lowkey chill guy,f,2025-02-14 01:01:17
2021021,21,2,R&D block,914,lowkey chill guy,f,2025-02-11 05:47:57
2024210,16,2,H2 boys hostel,148,efficient work,f,2025-02-12 11:29:53
2021273,21,2,Faculty Residence,966,work not done properly,f,2025-02-15 21:58:21
MT2024092,22,5,Old Academic,107,rushing too much,t,2025-02-15 05:52:41
2023027,104,2,R&D block,973,work not done properly,t,2025-02-13 09:43:23
MT2023020,43,2,Old Academic,616,rushing too much,t,2025-02-10 11:47:05
2024217,126,1,H1 boys hostel,263,quick work,f,2025-02-10 14:13:13
2021527,91,1,Faculty Residence,26,work not done properly,t,2025-02-12 12:42:38
MT2023281,84,2,H2 boys hostel,494,efficient work,t,2025-02-10 13:53:31
2023027,65,3,Old Academic,667,rushing too much,f,2025-02-12 13:59:36
2022052,98,3,Girls Hostel,805,efficient work,f,2025-02-10 16:32:27
2023596,50,1,H1 boys hostel,264,efficient work,t,2025-02-12 22:16:44
2023092,46,3,Girls Hostel,566,good work,f,2025-02-12 09:05:05
MT2023180,46,3,Faculty Residence,425,rushing too much,f,2025-02-12 23:43:33
MT2023116,43,2,Old Academic,589,work not done properly,f,2025-02-12 04:30:21
MT2024301,109,2,H2 boys hostel,938,firee the employee,t,2025-02-15 15:36:44
2021369,24,6,R&D block,292,work not done properly,f,2025-02-12 21:04:48
2023190,16,2,LHC complex,237,efficient work,f,2025-02-14 15:49:17
2022426,86,2,Faculty Residence,837,efficient work,t,2025-02-15 01:10:21
2022237,65,3,LHC complex,817,lowkey chill guy,f,2025-02-13 00:19:54
MT2024359,72,5,Girls Hostel,113,good work,f,2025-02-15 09:37:02
2023156,46,3,LHC complex,630,good work,f,2025-02-12 11:36:14
MT2023089,61,2,H1 boys hostel,582,efficient work,t,2025-02-14 17:53:56
2021532,4,2,H1 boys hostel,279,lowkey chill guy,t,2025-02-16 19:15:41
MT2024312,103,2,H1 boys hostel,995,work not done properly,t,2025-02-12 15:32:15
2024426,59,2,LHC complex,118,work not done properly,t,2025-02-12 11:49:34
2024550,25,2,Old Academic,644,lowkey chill guy,f,2025-02-16 11:04:51
2022476,97,2,Old Academic,32,work not done properly,t,2025-02-15 06:39:07
2022227,111,2,Old Academic,481,good work,t,2025-02-11 11:09:08
MT2024132,51,2,R&D block,825,rushing too much,f,2025-02-11 13:56:13
MT2023051,36,1,R&D block,650,lowkey chill guy,f,2025-02-12 15:23:53
MT2024277,123,1,Faculty Residence,939,efficient work,f,2025-02-12 04:24:09
2021203,76,2,H1 boys hostel,419,quick work,f,2025-02-14 04:22:50
MT2024259,85,2,Girls Hostel,764,good work,t,2025-02-14 18:45:16
MT2024005,86,2,H2 boys hostel,884,rushing too much,f,2025-02-16 19:40:18
2021056,22,5,H1 boys hostel,581,quick work,t,2025-02-13 11:08:55
MT2024319,23,2,Old Academic,978,work not done properly,f,2025-02-14 11:37:01
MT2024079,94,5,H1 boys hostel,524,efficient work,t,2025-02-13 18:16:16
MT2023204,22,5,H2 boys hostel,750,lowkey chill guy,t,2025-02-10 07:18:13
2024580,57,2,LHC complex,101,work not done properly,t,2025-02-12 10:45:12
2024167,8,2,Old Academic,741,work not done properly,f,2025-02-12 23:10:15
2022396,45,2,H1 boys hostel,492,rushing too much,t,2025-02-15 19:19:25
MT2024184,2,2,Faculty Residence,556,good work,t,2025-02-13 19:35:36
2022381,13,2,Faculty Residence,771,firee the employee,t,2025-02-14 03:47:42
MT2023294,35,2,H1 boys hostel,542,efficient work,t,2025-02-10 12:22:53
2022201,58,2,H2 boys hostel,708,efficient work,t,2025-02-11 19:02:31
MT2023332,6,1,LHC complex,791,work not done properly,t,2025-02-11 15:02:30
MT2023022,50,1,H1 boys hostel,201,efficient work,f,2025-02-13 13:41:02
2023451,106,2,H1 boys hostel,146,rushing too much,t,2025-02-16 23:24:12
MT2024159,94,5,Faculty Residence,760,work not done properly,f,2025-02-16 10:41:16
2024232,66,2,Faculty Residence,793,efficient work,t,2025-02-15 07:50:21
MT2024028,5,2,Old Academic,680,work not done properly,t,2025-02-12 09:39:23
2023001,80,1,Faculty Residence,525,efficient work,t,2025-02-10 09:36:42
MT2024244,66,2,R&D block,611,lowkey chill guy,t,2025-02-11 11:58:51
MT2023078,86,2,LHC complex,180,rushing too much,t,2025-02-15 22:32:55
2024389,87,2,Old Academic,862,efficient work,f,2025-02-10 00:29:25
2021457,101,2,LHC complex,393,work not done properly,t,2025-02-15 12:02:29
2022318,80,1,H1 boys hostel,636,lowkey chill guy,t,2025-02-13 00:56:54
2023593,31,1,H1 boys hostel,45,quick work,f,2025-02-16 03:13:33
2023106,30,5,H1 boys hostel,135,efficient work,f,2025-02-13 08:58:10
2024371,91,1,Girls Hostel,305,good work,t,2025-02-14 20:43:23
MT2024263,33,2,LHC complex,371,good work,f,2025-02-14 07:08:45
MT2024229,88,2,H1 boys hostel,543,efficient work,f,2025-02-15 07:27:08
2024136,87,2,H2 boys hostel,950,lowkey chill guy,t,2025-02-14 04:27:49
2021497,88,2,Faculty Residence,753,firee the employee,t,2025-02-12 18:54:39
MT2023237,71,1,Old Academic,899,efficient work,f,2025-02-12 15:49:00
MT2024301,29,2,H2 boys hostel,148,rushing too much,t,2025-02-15 08:25:46
2024027,99,2,H2 boys hostel,381,good work,f,2025-02-14 09:40:47
MT2024173,59,2,R&D block,107,rushing too much,f,2025-02-13 13:10:51
2022542,126,1,H2 boys hostel,460,efficient work,f,2025-02-13 19:06:11
2024064,22,5,Faculty Residence,17,lowkey chill guy,f,2025-02-12 08:28:36
2022566,8,2,LHC complex,78,lowkey chill guy,t,2025-02-16 18:27:59
2022582,64,2,R&D block,722,rushing too much,f,2025-02-11 16:54:36
2024108,49,2,H1 boys hostel,328,firee the employee,t,2025-02-10 17:12:20
2024511,125,4,H2 boys hostel,221,lowkey chill guy,f,2025-02-10 22:42:21
MT2024376,22,5,Old Academic,556,rushing too much,f,2025-02-10 05:32:47
2023294,37,6,Old Academic,9,rushing too much,f,2025-02-16 20:02:09
MT2024104,68,2,H2 boys hostel,550,firee the employee,t,2025-02-11 12:32:40
MT2024101,77,4,Faculty Residence,723,efficient work,f,2025-02-11 09:30:27
MT2023025,12,2,H2 boys hostel,369,efficient work,t,2025-02-11 16:50:45
2021177,128,2,H1 boys hostel,31,work not done properly,f,2025-02-13 17:17:46
2023019,61,2,H1 boys hostel,131,good work,t,2025-02-15 14:12:19
MT2024319,57,2,LHC complex,224,firee the employee,f,2025-02-11 10:23:17
2021393,104,2,H1 boys hostel,328,efficient work,t,2025-02-13 08:39:00
MT2023172,97,2,LHC complex,933,quick work,t,2025-02-15 15:50:45
2023181,14,4,Faculty Residence,983,quick work,t,2025-02-11 15:30:13
MT2024013,111,2,H2 boys hostel,18,quick work,f,2025-02-12 00:38:49
2023214,15,2,LHC complex,534,lowkey chill guy,t,2025-02-12 11:34:08
MT2023064,112,1,H1 boys hostel,647,efficient work,t,2025-02-11 23:17:04
2023202,68,2,Old Academic,140,work not done properly,t,2025-02-15 19:29:29
MT2024173,70,2,H2 boys hostel,169,lowkey chill guy,f,2025-02-15 08:52:19
2021098,32,5,H1 boys hostel,303,work not done properly,f,2025-02-14 05:57:45
2023155,13,2,Girls Hostel,323,efficient work,f,2025-02-15 15:18:37
MT2023165,65,3,H1 boys hostel,758,rushing too much,t,2025-02-12 21:11:19
2021384,100,4,Old Academic,786,work not done properly,t,2025-02-10 01:17:10
MT2023150,65,3,H2 boys hostel,538,efficient work,t,2025-02-13 19:02:38
MT2023243,79,2,H2 boys hostel,978,firee the employee,f,2025-02-12 19:29:52
2024551,130,2,Faculty Residence,545,work not done properly,t,2025-02-10 05:12:54
2024232,89,6,Girls Hostel,420,efficient work,f,2025-02-16 03:20:43
MT2023171,1,2,H2 boys hostel,830,rushing too much,f,2025-02-13 07:40:27
MT2024119,14,4,Old Academic,433,lowkey chill guy,f,2025-02-14 15:16:34
MT2023291,60,2,H2 boys hostel,802,lowkey chill guy,t,2025-02-13 08:47:44
MT2024115,36,1,Old Academic,680,lowkey chill guy,f,2025-02-11 08:23:41
2022495,15,2,LHC complex,26,good work,f,2025-02-13 05:37:40
MT2024139,128,2,Girls Hostel,384,rushing too much,f,2025-02-16 18:02:34
MT2024261,80,1,Girls Hostel,529,quick work,f,2025-02-10 06:46:25
2023167,114,1,Old Academic,831,quick work,f,2025-02-16 07:52:00
2021444,118,2,H2 boys hostel,236,good work,t,2025-02-10 07:25:22
MT2023144,102,5,Girls Hostel,435,quick work,t,2025-02-15 15:01:30
2024509,10,2,Girls Hostel,691,rushing too much,f,2025-02-12 07:08:19
2022010,102,5,LHC complex,798,rushing too much,t,2025-02-16 13:28:07
MT2024195,105,4,Girls Hostel,451,work not done properly,f,2025-02-13 11:58:34
MT2024290,70,2,Old Academic,477,quick work,t,2025-02-10 00:52:04
2024504,110,1,LHC complex,306,quick work,t,2025-02-11 19:28:54
2022353,64,2,Old Academic,811,good work,t,2025-02-15 18:15:38
MT2023142,29,2,H1 boys hostel,74,firee the employee,t,2025-02-09 23:32:35
MT2024222,21,2,H2 boys hostel,936,work not done properly,t,2025-02-12 11:01:02
2024501,26,2,H2 boys hostel,1002,lowkey chill guy,t,2025-02-14 08:14:43
2024514,35,2,H2 boys hostel,134,rushing too much,f,2025-02-10 02:21:56
2022321,33,2,Faculty Residence,400,lowkey chill guy,f,2025-02-14 04:53:08
2022051,47,2,Old Academic,70,good work,t,2025-02-12 16:12:23
MT2024259,1,2,H1 boys hostel,120,firee the employee,f,2025-02-15 13:57:59
MT2023042,29,2,Faculty Residence,881,firee the employee,t,2025-02-12 14:13:06
2024455,72,5,Old Academic,150,good work,t,2025-02-11 00:54:39
MT2024344,128,2,Faculty Residence,499,firee the employee,f,2025-02-16 00:26:02
MT2024359,45,2,H2 boys hostel,288,good work,f,2025-02-14 21:54:26
MT2024041,74,6,H2 boys hostel,889,good work,t,2025-02-10 04:41:11
2021429,89,6,Girls Hostel,805,efficient work,f,2025-02-10 16:14:10
2024613,118,2,Girls Hostel,537,rushing too much,f,2025-02-14 19:33:19
MT2023059,110,1,Old Academic,665,lowkey chill guy,f,2025-02-14 01:09:16
MT2023177,123,1,R&D block,881,good work,f,2025-02-16 14:27:51
2024235,6,1,H2 boys hostel,898,quick work,t,2025-02-14 03:50:38
MT2024101,69,2,H1 boys hostel,141,work not done properly,t,2025-02-16 01:26:26
MT2024332,91,1,R&D block,275,efficient work,t,2025-02-12 11:25:58
MT2023335,11,3,Old Academic,21,quick work,t,2025-02-11 20:45:50
2021303,126,1,Girls Hostel,516,work not done properly,t,2025-02-12 15:10:23
2023452,115,2,H1 boys hostel,337,firee the employee,t,2025-02-09 23:53:55
MT2023286,18,6,Girls Hostel,95,firee the employee,f,2025-02-10 02:47:35
2022075,36,1,Old Academic,905,efficient work,f,2025-02-10 07:09:13
2023404,92,2,H1 boys hostel,696,efficient work,t,2025-02-15 08:55:30
MT2024363,70,2,R&D block,723,good work,t,2025-02-12 21:07:03
2022594,117,4,Girls Hostel,583,good work,f,2025-02-14 22:25:23
2022129,34,6,Old Academic,547,firee the employee,f,2025-02-10 00:05:52
2023031,24,6,LHC complex,976,lowkey chill guy,f,2025-02-15 16:16:38
MT2024221,111,2,Faculty Residence,787,efficient work,t,2025-02-10 12:24:37
2024235,87,2,LHC complex,337,work not done properly,f,2025-02-12 03:30:25
MT2024289,104,2,LHC complex,320,quick work,f,2025-02-15 08:15:16
MT2023367,91,1,Girls Hostel,305,rushing too much,t,2025-02-11 21:59:08
MT2024108,111,2,Girls Hostel,311,efficient work,f,2025-02-10 04:57:33
MT2023236,73,2,LHC complex,345,rushing too much,f,2025-02-12 22:08:26
MT2023359,19,2,LHC complex,916,quick work,t,2025-02-11 09:04:33
2024547,29,2,Girls Hostel,831,lowkey chill guy,t,2025-02-11 22:38:15
2023388,48,2,Faculty Residence,156,lowkey chill guy,t,2025-02-10 12:14:12
MT2023374,103,2,Girls Hostel,463,lowkey chill guy,f,2025-02-10 10:55:18
2024536,71,1,H2 boys hostel,542,good work,f,2025-02-15 19:51:20
2024509,124,2,Faculty Residence,955,lowkey chill guy,f,2025-02-11 05:02:19
MT2023217,69,2,R&D block,92,quick work,t,2025-02-11 09:44:44
MT2023339,92,2,LHC complex,666,efficient work,f,2025-02-16 21:36:22
2021215,77,4,Old Academic,604,quick work,f,2025-02-12 08:13:45
MT2024079,109,2,H1 boys hostel,253,firee the employee,t,2025-02-16 08:07:43
2023399,9,2,LHC complex,713,rushing too much,f,2025-02-10 03:13:22
MT2024348,105,4,LHC complex,56,rushing too much,f,2025-02-15 16:34:13
MT2024261,83,2,Old Academic,596,rushing too much,t,2025-02-16 21:39:21
2023131,100,4,LHC complex,757,lowkey chill guy,t,2025-02-11 19:08:57
2024012,55,3,H1 boys hostel,865,lowkey chill guy,t,2025-02-10 03:13:20
MT2024059,30,5,Girls Hostel,793,lowkey chill guy,t,2025-02-15 22:07:02
2023421,106,2,H1 boys hostel,997,rushing too much,f,2025-02-15 09:13:04
2023428,11,3,Old Academic,971,work not done properly,f,2025-02-13 07:38:10
2024137,7,1,Old Academic,202,efficient work,f,2025-02-16 00:41:57
MT2024285,35,2,H2 boys hostel,1003,work not done properly,t,2025-02-11 13:26:35
2021029,93,2,H1 boys hostel,379,efficient work,f,2025-02-13 15:09:21
MT2023306,78,2,H1 boys hostel,181,good work,t,2025-02-15 04:40:46
2021453,54,2,LHC complex,287,quick work,f,2025-02-16 14:31:53
MT2023284,5,2,Girls Hostel,1004,firee the employee,f,2025-02-12 02:41:37
MT2024098,114,1,H2 boys hostel,660,good work,t,2025-02-13 22:17:12
MT2024203,23,2,LHC complex,872,efficient work,f,2025-02-09 23:41:49
MT2023373,109,2,Faculty Residence,798,work not done properly,f,2025-02-15 04:43:41
MT2024330,30,5,H2 boys hostel,502,quick work,t,2025-02-11 21:56:30
MT2023358,76,2,R&D block,873,good work,f,2025-02-15 22:24:34
2021209,92,2,Old Academic,93,firee the employee,f,2025-02-15 11:04:52
2023055,20,2,R&D block,425,lowkey chill guy,f,2025-02-15 18:52:02
MT2024268,130,2,R&D block,35,rushing too much,t,2025-02-11 03:57:53
2024574,96,2,Faculty Residence,115,firee the employee,t,2025-02-11 08:58:55
MT2023223,38,5,H2 boys hostel,293,work not done properly,f,2025-02-13 09:40:11
2021382,93,2,H2 boys hostel,907,work not done properly,t,2025-02-13 03:03:50
MT2023091,30,5,Faculty Residence,764,efficient work,f,2025-02-14 20:12:56
2022114,113,2,H1 boys hostel,414,good work,t,2025-02-10 10:44:20
MT2024014,65,3,Old Academic,5,rushing too much,t,2025-02-16 00:52:24
2022453,64,2,H2 boys hostel,11,firee the employee,t,2025-02-16 19:06:45
MT2023228,92,2,H1 boys hostel,867,firee the employee,t,2025-02-12 08:15:54
MT2024366,42,2,LHC complex,255,work not done properly,f,2025-02-12 19:08:20
MT2023302,68,2,Old Academic,86,work not done properly,t,2025-02-14 09:11:32
MT2024339,37,6,R&D block,104,good work,f,2025-02-13 12:58:21
2022341,75,1,Old Academic,99,firee the employee,f,2025-02-14 08:06:45
2024195,111,2,LHC complex,702,lowkey chill guy,f,2025-02-13 22:16:49
MT2023177,22,5,Old Academic,336,firee the employee,f,2025-02-15 11:36:03
2021556,14,4,Girls Hostel,780,good work,f,2025-02-16 03:35:55
2022431,105,4,H1 boys hostel,458,firee the employee,f,2025-02-12 05:29:56
2024298,88,2,H1 boys hostel,792,good work,f,2025-02-12 06:45:36
2021567,90,2,R&D block,43,lowkey chill guy,t,2025-02-12 08:35:53
MT2023386,61,2,H2 boys hostel,833,good work,f,2025-02-15 19:23:20
MT2024291,27,2,Faculty Residence,67,efficient work,t,2025-02-10 18:41:58
2021049,11,3,H1 boys hostel,490,good work,f,2025-02-11 23:52:00
2024459,54,2,LHC complex,761,efficient work,t,2025-02-14 20:19:12
2022221,18,6,Girls Hostel,914,good work,f,2025-02-15 15:53:20
2023538,37,6,Old Academic,827,good work,t,2025-02-13 09:22:14
2024570,84,2,H1 boys hostel,264,rushing too much,f,2025-02-13 09:39:16
2024001,121,1,Old Academic,755,rushing too much,t,2025-02-12 12:37:34
2024559,42,2,H2 boys hostel,157,work not done properly,f,2025-02-16 06:00:08
2022219,62,1,Girls Hostel,967,efficient work,f,2025-02-16 08:02:20
2024383,21,2,Girls Hostel,283,work not done properly,t,2025-02-10 10:25:12
2023347,75,1,Girls Hostel,998,efficient work,t,2025-02-15 18:21:05
MT2023204,35,2,H1 boys hostel,804,lowkey chill guy,t,2025-02-11 07:28:28
MT2023063,120,2,Girls Hostel,579,efficient work,t,2025-02-11 16:20:12
MT2023362,33,2,H1 boys hostel,884,efficient work,t,2025-02-12 13:10:59
MT2023309,46,3,Girls Hostel,179,efficient work,t,2025-02-13 19:33:31
2021322,60,2,Girls Hostel,783,lowkey chill guy,f,2025-02-12 16:53:04
MT2024212,84,2,H2 boys hostel,819,quick work,f,2025-02-14 11:25:40
2022274,11,3,H1 boys hostel,20,lowkey chill guy,f,2025-02-14 14:37:23
MT2024187,72,5,Old Academic,253,efficient work,t,2025-02-11 19:38:19
2022542,69,2,LHC complex,335,work not done properly,f,2025-02-12 02:12:31
MT2024100,39,1,Girls Hostel,857,efficient work,t,2025-02-12 10:54:59
2024039,100,4,H2 boys hostel,867,firee the employee,t,2025-02-15 10:53:40
2022219,10,2,R&D block,578,firee the employee,f,2025-02-13 16:01:54
MT2023211,87,2,Faculty Residence,952,quick work,f,2025-02-13 03:40:32
2024272,98,3,H1 boys hostel,662,work not done properly,f,2025-02-11 06:20:50
MT2024014,22,5,Girls Hostel,82,quick work,f,2025-02-16 04:55:48
MT2023197,48,2,R&D block,853,rushing too much,t,2025-02-13 18:40:26
MT2024212,89,6,LHC complex,42,lowkey chill guy,t,2025-02-13 13:26:21
MT2023207,56,2,R&D block,138,efficient work,f,2025-02-11 12:19:27
MT2023256,3,2,R&D block,868,efficient work,t,2025-02-16 05:03:57
MT2023278,68,2,R&D block,7,work not done properly,t,2025-02-13 04:43:50
2021377,108,3,Faculty Residence,786,work not done properly,t,2025-02-11 14:37:28
MT2024203,6,1,Faculty Residence,36,efficient work,t,2025-02-16 19:03:18
2023257,27,2,H2 boys hostel,522,quick work,f,2025-02-16 17:26:42
MT2024376,62,1,H2 boys hostel,16,lowkey chill guy,t,2025-02-13 13:31:35
2023437,21,2,R&D block,789,good work,t,2025-02-10 18:08:04
2023399,60,2,Old Academic,782,good work,f,2025-02-14 17:11:17
2022197,92,2,H1 boys hostel,64,firee the employee,t,2025-02-13 12:24:15
MT2023201,129,2,Old Academic,251,lowkey chill guy,t,2025-02-16 17:51:31
MT2023137,40,2,LHC complex,97,lowkey chill guy,f,2025-02-11 00:19:46
MT2023254,32,5,H1 boys hostel,331,quick work,t,2025-02-10 05:02:43
MT2023253,8,2,LHC complex,628,efficient work,f,2025-02-15 09:48:37
MT2023026,126,1,Faculty Residence,215,efficient work,t,2025-02-13 21:50:18
MT2024221,125,4,Old Academic,224,good work,f,2025-02-16 15:01:06
MT2024040,63,2,LHC complex,767,quick work,f,2025-02-12 22:05:16
MT2024082,31,1,LHC complex,506,quick work,t,2025-02-16 19:44:09
2022004,18,6,H2 boys hostel,850,work not done properly,t,2025-02-10 20:25:36
2024069,46,3,Faculty Residence,985,lowkey chill guy,f,2025-02-15 23:18:02
MT2023198,86,2,R&D block,129,firee the employee,t,2025-02-11 00:43:05
2022062,54,2,R&D block,229,work not done properly,t,2025-02-15 17:56:30
MT2024155,35,2,H2 boys hostel,22,lowkey chill guy,t,2025-02-10 17:40:30
MT2024143,122,2,Old Academic,66,quick work,f,2025-02-13 18:19:49
2024482,33,2,Girls Hostel,409,efficient work,t,2025-02-12 09:35:49
2024268,125,4,R&D block,653,lowkey chill guy,f,2025-02-13 03:53:48
MT2024319,108,3,R&D block,104,lowkey chill guy,f,2025-02-11 22:37:25
MT2024144,129,2,H2 boys hostel,681,good work,t,2025-02-14 15:17:28
2021222,105,4,LHC complex,181,quick work,t,2025-02-14 13:33:05
MT2023091,85,2,H2 boys hostel,39,work not done properly,f,2025-02-13 01:29:06
MT2023234,3,2,H2 boys hostel,439,lowkey chill guy,t,2025-02-14 03:06:13
MT2023106,119,2,Old Academic,937,work not done properly,t,2025-02-10 03:20:00
MT2023027,88,2,Faculty Residence,243,firee the employee,t,2025-02-10 22:16:41
MT2024400,118,2,H1 boys hostel,872,rushing too much,t,2025-02-14 06:04:16
2022388,129,2,Girls Hostel,331,work not done properly,f,2025-02-14 17:12:09
MT2024325,19,2,Faculty Residence,561,firee the employee,t,2025-02-10 19:38:15
2021140,130,2,R&D block,226,lowkey chill guy,t,2025-02-12 04:38:48
MT2023161,41,2,H2 boys hostel,832,lowkey chill guy,t,2025-02-10 11:39:10
2021312,19,2,Faculty Residence,559,efficient work,f,2025-02-11 11:34:03
MT2023058,50,1,Girls Hostel,630,work not done properly,t,2025-02-11 07:06:04
2021354,129,2,Old Academic,562,work not done properly,f,2025-02-16 20:26:59
MT2024360,14,4,LHC complex,717,quick work,f,2025-02-13 06:54:42
MT2024173,58,2,Old Academic,737,good work,t,2025-02-14 22:37:40
MT2024005,15,2,Old Academic,340,quick work,f,2025-02-13 11:40:46
2023538,26,2,Old Academic,342,work not done properly,t,2025-02-12 04:03:15
MT2023010,15,2,Faculty Residence,665,good work,t,2025-02-14 04:06:12
2023585,48,2,Girls Hostel,376,firee the employee,f,2025-02-11 17:56:09
2024400,47,2,Faculty Residence,608,work not done properly,f,2025-02-14 16:23:27
